prov_data;prov_corret;prov_tipo;prov_ticker;prov_valor;prov_bruto;prov_ir;prov_moeda;prov_forma
03/10/2016;MyCap;Ação;ITSA4;3;0;0;BRL;.
16/12/2016;MyCap;Ação;VALE5;70,67;0;0;BRL;.
24/04/2017;MyCap;Ação;VALE5;461,84;0;0;BRL;.
03/07/2017;MyCap;Ação;ITSA4;3;0;0;BRL;.
17/07/2017;MyCap;Ação;ABEV3;16;0;0;BRL;.
25/08/2017;MyCap;Ação;ITSA4;13,43;0;0;BRL;.
11/09/2017;MyCap;Ação;VALE3;30,58;0;0;BRL;.
02/10/2017;MyCap;Ação;ITSA4;3;0;0;BRL;.
15/01/2018;MyCap;Ação;FLRY3;11,17;0;0;BRL;.
16/02/2018;MyCap;Ação;NTCO3;154,61;0;0;BRL;.
12/03/2018;MyCap;Ação;BBAS3;62,58;0;0;BRL;.
15/03/2018;MyCap;Ação;VALE3;397,74;0;0;BRL;.
29/03/2018;MyCap;Ação;BBAS3;20,84;0;0;BRL;.
25/04/2018;MyCap;Ação;MGLU3;26,44;0;0;BRL;.
11/05/2018;MyCap;Ação;NTCO3;156,27;0;0;BRL;.
29/05/2018;MyCap;Ação;PETR4;25,5;0;0;BRL;.
30/05/2018;MyCap;Ação;BBAS3;54,56;0;0;BRL;.
26/06/2018;MyCap;Ação;CVCB3;8,36;0;0;BRL;.
23/08/2018;MyCap;Ação;PETR4;42,5;0;0;BRL;.
31/08/2018;MyCap;Ação;BBAS3;45,8;0;0;BRL;.
20/09/2018;MyCap;Ação;VALE3;1027,25;0;0;BRL;.
28/09/2018;MyCap;Ação;BBAS3;14,53;0;0;BRL;.
30/11/2018;MyCap;Ação;BBAS3;70,87;0;0;BRL;.
03/12/2018;MyCap;Ação;RADL3;13,04;0;0;BRL;.
03/12/2018;MyCap;Ação;PETR4;102;0;0;BRL;.
11/03/2019;MyCap;Ação;CIEL3;78,41;0;0;BRL;.
26/04/2019;MyCap;Ação;MGLU3;87,4;0;0;BRL;.
08/05/2019;MyCap;Ação;GOLL4;72,32;0;0;BRL;.
20/05/2019;MyCap;Ação;PETR4;7,75;0;0;BRL;.
29/05/2019;MyCap;Ação;CSNA3;65,09;0;0;BRL;.
30/05/2019;MyCap;Ação;GOAU4;8;0;0;BRL;.
31/05/2019;MyCap;Ação;RADL3;13,42;0;0;BRL;.
27/06/2019;MyCap;Ação;CIEL3;37,87;0;0;BRL;.
05/07/2019;MyCap;Ação;PETR4;34;0;0;BRL;.
29/08/2019;MyCap;Ação;GOAU4;20;0;0;BRL;.
27/09/2019;MyCap;Ação;CIEL3;12,6;0;0;BRL;.
27/09/2019;MyCap;Ação;CIEL3;0,65;0;0;BRL;.
30/09/2019;MyCap;Ação;CSNA3;89,7;0;0;BRL;.
04/10/2019;MyCap;Ação;PETR4;68;0;0;BRL;.
18/11/2019;MyCap;Ação;CIEL3;15,06;0;0;BRL;.
26/11/2019;MyCap;Ação;GOAU4;10;0;0;BRL;.
02/01/2020;MyCap;Ação;ITSA4;4;0;0;BRL;.
08/01/2020;MyCap;Ação;CVCB3;70,95;0;0;BRL;.
07/02/2020;MyCap;Ação;PETR4;211,69;0;0;BRL;.
13/02/2020;MyCap;Ação;CIEL3;10,19;0;0;BRL;.
06/03/2020;MyCap;Ação;ITSA4;124,76;0;0;BRL;.
11/03/2020;MyCap;Ação;WEGE3;57,82;0;0;BRL;.
12/03/2020;MyCap;Ação;GOAU4;10;0;0;BRL;.
19/03/2020;MyCap;Ação;MYPK3;66,41;0;0;BRL;.
01/04/2020;MyCap;Ação;ITSA4;8;0;0;BRL;.
30/04/2020;MyCap;Ação;MDIA3;21,31;0;0;BRL;.
01/07/2020;MyCap;Ação;ITSA4;16;0;0;BRL;.
05/08/2020;MyCap;Ação;CVCB3;801,66;0;0;BRL;.
07/08/2020;MyCap;Ação;VALE3;360,66;0;0;BRL;.
12/08/2020;MyCap;Ação;WEGE3;55,5;0;0;BRL;.
19/08/2020;MyCap;Ação;MGLU3;149,72;0;0;BRL;.
26/08/2020;MyCap;Ação;ITSA4;18;0;0;BRL;.
23/09/2020;MyCap;Ação;ABCB4;26,98;0;0;BRL;.
30/09/2020;MyCap;Ação;VALE3;790,26;0;0;BRL;.
01/10/2020;MyCap;Ação;ITSA4;18;0;0;BRL;.
19/11/2020;MyCap;Ação;GOAU4;35;0;0;BRL;.
15/12/2020;MyCap;Ação;PETR3;18,11;0;0;BRL;.
30/12/2020;MyCap;Ação;CSNA3;4,43;0;0;BRL;.
04/01/2021;MyCap;Ação;ITSA4;18;0;0;BRL;Dividendos
14/01/2021;MyCap;Ação;ABCB4;21,12;0;0;BRL;Dividendos
17/02/2021;MyCap;Ação;CIEL3;4,96;0;0;BRL;Dividendos
17/02/2021;MyCap;Ação;CIEL3;42,81;0;0;BRL;JCP
18/02/2021;MyCap;Ação;ABCB4;57,49;0;0;BRL;JCP
03/03/2021;MyCap;Ação;BBAS3;0,11;0;0;BRL;Rendimentos
03/03/2021;MyCap;Ação;BBAS3;36,94;0;0;BRL;JCP
08/03/2021;MyCap;Ação;RDOR3;8,92;0;0;BRL;JCP
10/03/2021;MyCap;Ação;WEGE3;8,79;0;0;BRL;JCP
10/03/2021;MyCap;Ação;WEGE3;3,13;0;0;BRL;JCP
12/03/2021;MyCap;Ação;ITSA4;93,68;0;0;BRL;JCP
26/03/2021;MyCap;Ação;GOAU4;38,25;0;0;BRL;JCP
31/03/2021;MyCap;Ação;BBAS3;12,39;0;0;BRL;JCP
01/04/2021;MyCap;Ação;ITSA4;20;0;0;BRL;Dividendos
29/04/2021;MyCap;Ação;PETR4;1,25;0;0;BRL;Rendimentos
29/04/2021;MyCap;Ação;PETR4;236,23;0;0;BRL;JCP
05/05/2021;MyCap;Ação;MGLU3;71,54;0;0;BRL;JCP
11/05/2021;MyCap;Ação;GOLL4;8,34;0;0;BRL;.
12/05/2021;MyCap;Ação;CSNA3;130,58;0;0;BRL;Dividendos
13/05/2021;MyCap;Ação;CIEL3;24,12;0;0;BRL;JCP
28/05/2021;MyCap;Ação;BBAS3;28,91;0;0;BRL;JCP
28/05/2021;MyCap;Ação;BBAS3;7,43;0;0;BRL;Dividendos
31/05/2021;MyCap;Ação;RADL3;4,84;0;0;BRL;JCP
31/05/2021;MyCap;Ação;ALUP11;60;0;0;BRL;Dividendos
28/06/2021;MyCap;Ação;CVCB3;112,32;0;0;BRL;.
30/06/2021;MyCap;Ação;BBAS3;14,33;0;0;BRL;JCP
30/06/2021;MyCap;Ação;VALE3;218,96;0;0;BRL;Dividendos
01/07/2021;MyCap;Ação;ITSA4;2;0;0;BRL;Dividendos
10/08/2021;MyCap;Ação;CSNA3;253,6;0;0;BRL;Dividendos
11/08/2021;MyCap;Ação;WEGE3;63,27;0;0;BRL;Dividendos
11/08/2021;MyCap;Ação;WEGE3;3,49;0;0;BRL;JCP
19/08/2021;MyCap;Ação;CIEL3;18,03;0;0;BRL;JCP
25/08/2021;MyCap;Ação;PETR4;482,97;0;0;BRL;Dividendos
26/08/2021;MyCap;Ação;ITSA4;30,85;0;0;BRL;JCP
30/08/2021;MyCap;Ação;ALUP11;60;0;0;BRL;Dividendos
31/08/2021;MyCap;Ação;BBAS3;0,21;0;0;BRL;Rendimentos
31/08/2021;MyCap;Ação;BBAS3;29,37;0;0;BRL;JCP
30/09/2021;MyCap;Ação;VALE3;1639,44;0;0;BRL;Dividendos
30/09/2021;MyCap;Ação;BBAS3;15,7;0;0;BRL;JCP
01/10/2021;MyCap;Ação;ITSA4;8;0;0;BRL;Dividendos
26/11/2021;MyCap;Ação;CIEL3;21,17;0;0;BRL;JCP
30/11/2021;MyCap;Ação;BBAS3;33,47;0;0;BRL;JCP
30/11/2021;MyCap;Ação;ALUP11;47,99;0;0;BRL;Dividendos
15/12/2021;MyCap;Ação;PETR4;269,11;0;0;BRL;JCP
15/12/2021;MyCap;Ação;PETR4;658,53;0;0;BRL;Dividendos
28/12/2021;MyCap;Ação;CSAN3;74,92;0;0;BRL;Dividendos
30/12/2021;MyCap;Ação;ABEV3;79,94;0;0;BRL;JCP
30/12/2021;MyCap;Ação;ABEV3;26,68;0;0;BRL;Dividendos
30/12/2021;MyCap;Ação;BBAS3;14,87;0;0;BRL;JCP
30/12/2021;MyCap;Ação;FLRY3;8,05;0;0;BRL;JCP
03/01/2022;MyCap;Ação;ITSA4;8;0;0;BRL;JCP
07/01/2022;MyCap;Ação;HYPE3;26,25;0;0;BRL;JCP
14/01/2022;Inter;Ação;ARZZ3;28,84;0;0;BRL;JCP
14/01/2022;Inter;Ação;ARZZ3;26,32;0;0;BRL;Dividendos
19/01/2022;MyCap;Ação;TSMC34;6,56;0;0;BRL;Dividendos
17/09/2019;XP;FII;RBRR11;6;0;0;BRL;Dividendos
25/09/2019;XP;FII;XPML11;5,13;0;0;BRL;Dividendos
07/10/2019;XP;FII;ABCP11;17,15;0;0;BRL;Dividendos
14/10/2019;XP;FII;HGCR11;19,98;0;0;BRL;Dividendos
14/10/2019;XP;FII;HGLG11;16,38;0;0;BRL;Dividendos
14/10/2019;XP;FII;HGRE11;14,8;0;0;BRL;Dividendos
14/10/2019;XP;FII;MALL11;17,36;0;0;BRL;Dividendos
16/10/2019;XP;FII;RBRR11;20,16;0;0;BRL;Dividendos
15/10/2019;XP;FII;VRTA11;18,46;0;0;BRL;Dividendos
14/10/2019;XP;FII;XPLG11;20,13;0;0;BRL;Dividendos
25/10/2019;XP;FII;XPML11;17,11;0;0;BRL;Dividendos
07/11/2019;XP;FII;ABCP11;17,15;0;0;BRL;Dividendos
25/11/2019;XP;FII;ALZR11;20,26;0;0;BRL;Dividendos
14/11/2019;XP;FII;HGCR11;19,98;0;0;BRL;Dividendos
14/11/2019;XP;FII;HGLG11;17,16;0;0;BRL;Dividendos
14/11/2019;XP;FII;HGRE11;15,54;0;0;BRL;Dividendos
14/11/2019;XP;FII;MALL11;13,76;0;0;BRL;Dividendos
19/11/2019;XP;FII;RBRR11;16,92;0;0;BRL;Dividendos
14/11/2019;XP;FII;VRTA11;18,72;0;0;BRL;Dividendos
14/11/2019;XP;FII;XPLG11;21,12;0;0;BRL;Dividendos
25/11/2019;XP;FII;XPML11;19,47;0;0;BRL;Dividendos
06/12/2019;XP;FII;ABCP11;21,07;0;0;BRL;Dividendos
23/12/2019;XP;FII;ALZR11;20,69;0;0;BRL;Dividendos
13/12/2019;XP;FII;HGCR11;21;0;0;BRL;Dividendos
13/12/2019;XP;FII;HGLG11;19,5;0;0;BRL;Dividendos
13/12/2019;XP;FII;HGRE11;19,24;0;0;BRL;Dividendos
06/12/2019;XP;FII;HSML11;4,34;0;0;BRL;Dividendos
13/12/2019;XP;FII;MALL11;13,6;0;0;BRL;Dividendos
17/12/2019;XP;FII;RBRR11;22,55;0;0;BRL;Dividendos
13/12/2019;XP;FII;VRTA11;21,76;0;0;BRL;Dividendos
13/12/2019;XP;FII;XPLG11;23,04;0;0;BRL;Dividendos
23/12/2019;XP;FII;XPML11;18,2;0;0;BRL;Dividendos
08/01/2020;XP;FII;ABCP11;21,07;0;0;BRL;Dividendos
24/01/2020;XP;FII;ALZR11;20,99;0;0;BRL;Dividendos
15/01/2020;XP;FII;HGCR11;22,32;0;0;BRL;Dividendos
15/01/2020;XP;FII;HGLG11;19,5;0;0;BRL;Dividendos
15/01/2020;XP;FII;HGRE11;28,08;0;0;BRL;Dividendos
08/01/2020;XP;FII;HSML11;23,1;0;0;BRL;Dividendos
15/01/2020;XP;FII;MALL11;14,4;0;0;BRL;Dividendos
17/01/2020;XP;FII;RBRR11;28,8;0;0;BRL;Dividendos
15/01/2020;XP;FII;VRTA11;26,18;0;0;BRL;Dividendos
15/01/2020;XP;FII;XPLG11;23,04;0;0;BRL;Dividendos
24/01/2020;XP;FII;XPML11;23,79;0;0;BRL;Dividendos
07/02/2020;XP;FII;ABCP11;41,5;0;0;BRL;Dividendos
21/02/2020;XP;FII;ALZR11;23,78;0;0;BRL;Dividendos
14/02/2020;XP;FII;HGCR11;24,72;0;0;BRL;Dividendos
14/02/2020;XP;FII;HGLG11;19,5;0;0;BRL;Dividendos
14/02/2020;XP;FII;HGRE11;19,24;0;0;BRL;Dividendos
14/02/2020;XP;FII;HGRU11;27,88;0;0;BRL;Dividendos
07/02/2020;XP;FII;HSML11;27;0;0;BRL;Dividendos
14/02/2020;XP;FII;MALL11;34,02;0;0;BRL;Dividendos
14/02/2020;XP;FII;RBRR11;28,6;0;0;BRL;Dividendos
14/02/2020;XP;FII;VRTA11;28,86;0;0;BRL;Dividendos
14/02/2020;XP;FII;XPLG11;23,04;0;0;BRL;Dividendos
21/02/2020;XP;FII;XPML11;19,5;0;0;BRL;Dividendos
06/03/2020;XP;FII;ABCP11;24,5;0;0;BRL;Dividendos
25/03/2020;XP;FII;ALZR11;23,45;0;0;BRL;Dividendos
13/03/2020;XP;FII;HGCR11;28,2;0;0;BRL;Dividendos
13/03/2020;XP;FII;HGLG11;19,5;0;0;BRL;Dividendos
13/03/2020;XP;FII;HGRE11;19,24;0;0;BRL;Dividendos
13/03/2020;XP;FII;HGRU11;27,88;0;0;BRL;Dividendos
06/03/2020;XP;FII;HSML11;27;0;0;BRL;Dividendos
13/03/2020;XP;FII;MALL11;21;0;0;BRL;Dividendos
17/03/2020;XP;FII;RBRR11;28,8;0;0;BRL;Dividendos
13/03/2020;XP;FII;VRTA11;29,97;0;0;BRL;Dividendos
13/03/2020;XP;FII;XPLG11;23,04;0;0;BRL;Dividendos
24/04/2020;XP;FII;ALZR11;23,45;0;0;BRL;Dividendos
15/04/2020;XP;FII;HGCR11;28,2;0;0;BRL;Dividendos
15/04/2020;XP;FII;HGLG11;19,5;0;0;BRL;Dividendos
15/04/2020;XP;FII;HGRE11;16,9;0;0;BRL;Dividendos
15/04/2020;XP;FII;HGRU11;27,88;0;0;BRL;Dividendos
07/04/2020;XP;FII;HSML11;9,9;0;0;BRL;Dividendos
15/04/2020;XP;FII;MALL11;16,8;0;0;BRL;Dividendos
17/04/2020;XP;FII;RBRR11;26,4;0;0;BRL;Dividendos
15/04/2020;XP;FII;VRTA11;27,38;0;0;BRL;Dividendos
14/04/2020;XP;FII;XPLG11;20,88;0;0;BRL;Dividendos
25/05/2020;XP;FII;ALZR11;23,84;0;0;BRL;Dividendos
15/05/2020;XP;FII;HGCR11;28,2;0;0;BRL;Dividendos
14/05/2020;XP;FII;HGLG11;19,5;0;0;BRL;Dividendos
15/05/2020;XP;FII;HGRE11;14,82;0;0;BRL;Dividendos
15/05/2020;XP;FII;HGRU11;27,88;0;0;BRL;Dividendos
08/05/2020;XP;FII;HSML11;9,9;0;0;BRL;Dividendos
15/05/2020;XP;FII;MALL11;5,04;0;0;BRL;Dividendos
19/05/2020;XP;FII;RBRR11;26,4;0;0;BRL;Dividendos
15/05/2020;XP;FII;VRTA11;26,27;0;0;BRL;Dividendos
15/05/2020;XP;FII;XPLG11;21,06;0;0;BRL;Dividendos
25/06/2020;XP;FII;ALZR11;23,85;0;0;BRL;Dividendos
12/06/2020;XP;FII;HGCR11;26,32;0;0;BRL;Dividendos
12/06/2020;XP;FII;HGLG11;19,5;0;0;BRL;Dividendos
12/06/2020;XP;FII;HGRE11;14,82;0;0;BRL;Dividendos
12/06/2020;XP;FII;HGRU11;27,88;0;0;BRL;Dividendos
05/06/2020;XP;FII;HSML11;8,1;0;0;BRL;Dividendos
12/06/2020;XP;FII;MALL11;4,62;0;0;BRL;Dividendos
17/06/2020;XP;FII;RBRR11;26,4;0;0;BRL;Dividendos
15/06/2020;XP;FII;VRTA11;27,01;0;0;BRL;Dividendos
15/06/2020;XP;FII;XPLG11;21,06;0;0;BRL;Dividendos
25/06/2020;XP;FII;XPML11;10,53;0;0;BRL;Dividendos
07/07/2020;XP;FII;ABCP11;24,5;0;0;BRL;Dividendos
24/07/2020;XP;FII;ALZR11;24,76;0;0;BRL;Dividendos
14/07/2020;XP;FII;HGCR11;22,56;0;0;BRL;Dividendos
14/07/2020;XP;FII;HGLG11;19,5;0;0;BRL;Dividendos
14/07/2020;XP;FII;HGRE11;14,82;0;0;BRL;Dividendos
14/07/2020;XP;FII;HGRU11;27,88;0;0;BRL;Dividendos
07/07/2020;XP;FII;HSML11;8,1;0;0;BRL;Dividendos
14/07/2020;XP;FII;MALL11;5,88;0;0;BRL;Dividendos
16/07/2020;XP;FII;RBRR11;26,4;0;0;BRL;Dividendos
15/07/2020;XP;FII;VRTA11;35,52;0;0;BRL;Dividendos
15/07/2020;XP;FII;XPLG11;22,23;0;0;BRL;Dividendos
24/07/2020;XP;FII;XPML11;16,18;0;0;BRL;Dividendos
25/08/2020;XP;FII;ALZR11;23,65;0;0;BRL;Dividendos
14/08/2020;XP;FII;HGCR11;22,56;0;0;BRL;Dividendos
14/08/2020;XP;FII;HGLG11;19,5;0;0;BRL;Dividendos
14/08/2020;XP;FII;HGRE11;16,9;0;0;BRL;Dividendos
14/08/2020;XP;FII;HGRU11;27,88;0;0;BRL;Dividendos
07/08/2020;XP;FII;HSML11;8,1;0;0;BRL;Dividendos
14/08/2020;XP;FII;MALL11;6,3;0;0;BRL;Dividendos
14/08/2020;XP;FII;RBRR11;24;0;0;BRL;Dividendos
14/08/2020;XP;FII;VRTA11;22,57;0;0;BRL;Dividendos
14/08/2020;XP;FII;XPLG11;22,62;0;0;BRL;Dividendos
25/08/2020;XP;FII;XPML11;1,17;0;0;BRL;Dividendos
08/09/2020;XP;FII;ABCP11;5,5;0;0;BRL;Dividendos
25/09/2020;XP;FII;ALZR11;22,88;0;0;BRL;Dividendos
15/09/2020;XP;FII;HGCR11;22,56;0;0;BRL;Dividendos
15/09/2020;XP;FII;HGLG11;21,7;0;0;BRL;Dividendos
15/09/2020;XP;FII;HGRE11;16,9;0;0;BRL;Dividendos
15/09/2020;XP;FII;HGRU11;27,88;0;0;BRL;Dividendos
08/09/2020;XP;FII;HSML11;11,7;0;0;BRL;Dividendos
15/09/2020;XP;FII;MALL11;12,6;0;0;BRL;Dividendos
17/09/2020;XP;FII;RBRR11;24;0;0;BRL;Dividendos
15/09/2020;XP;FII;VRTA11;18,87;0;0;BRL;Dividendos
15/09/2020;XP;FII;XPLG11;22,62;0;0;BRL;Dividendos
25/09/2020;XP;FII;XPML11;7,02;0;0;BRL;Dividendos
08/10/2020;XP;FII;ABCP11;9,5;0;0;BRL;Dividendos
23/10/2020;XP;FII;ALZR11;14,59;0;0;BRL;Dividendos
15/10/2020;XP;FII;HGCR11;22,56;0;0;BRL;Dividendos
15/10/2020;XP;FII;HGLG11;21,6;0;0;BRL;Dividendos
15/10/2020;XP;FII;HGRE11;16,9;0;0;BRL;Dividendos
15/10/2020;XP;FII;HGRU11;27,88;0;0;BRL;Dividendos
07/10/2020;XP;FII;HSML11;18;0;0;BRL;Dividendos
15/10/2020;XP;FII;MALL11;14,7;0;0;BRL;Dividendos
19/10/2020;XP;FII;RBRR11;24;0;0;BRL;Dividendos
15/10/2020;XP;FII;VRTA11;22,57;0;0;BRL;Dividendos
15/10/2020;XP;FII;XPLG11;22,62;0;0;BRL;Dividendos
23/10/2020;XP;FII;XPML11;10,14;0;0;BRL;Dividendos
09/11/2020;XP;FII;ABCP11;15;0;0;BRL;Dividendos
25/11/2020;XP;FII;ALZR11;17,78;0;0;BRL;Dividendos
16/11/2020;XP;FII;HGCR11;24,44;0;0;BRL;Dividendos
16/11/2020;XP;FII;HGLG11;28,08;0;0;BRL;Dividendos
16/11/2020;XP;FII;HGRE11;16,9;0;0;BRL;Dividendos
16/11/2020;XP;FII;HGRU11;27,88;0;0;BRL;Dividendos
08/11/2020;XP;FII;HSML11;20,25;0;0;BRL;Dividendos
16/11/2020;XP;FII;MALL11;20,16;0;0;BRL;Dividendos
18/11/2020;XP;FII;RBRR11;24;0;0;BRL;Dividendos
12/11/2020;XP;FII;VRTA11;24,42;0;0;BRL;Dividendos
12/11/2020;XP;FII;XPLG11;22,62;0;0;BRL;Dividendos
25/11/2020;XP;FII;XPML11;21,42;0;0;BRL;Dividendos
08/12/2020;XP;FII;ABCP11;17,5;0;0;BRL;Dividendos
23/12/2020;XP;FII;ALZR11;18,04;0;0;BRL;Dividendos
14/12/2020;XP;FII;HGCR11;31,2;0;0;BRL;Dividendos
14/12/2020;XP;FII;HGLG11;28,08;0;0;BRL;Dividendos
14/12/2020;XP;FII;HGRE11;26;0;0;BRL;Dividendos
14/12/2020;XP;FII;HGRU11;31,28;0;0;BRL;Dividendos
07/12/2020;XP;FII;HSML11;30,55;0;0;BRL;Dividendos
14/12/2020;XP;FII;MALL11;35,96;0;0;BRL;Dividendos
14/12/2020;XP;FII;RBRP11;34,65;0;0;BRL;Dividendos
16/12/2020;XP;FII;RBRR11;30;0;0;BRL;Dividendos
15/12/2020;XP;FII;VRTA11;44,24;0;0;BRL;Dividendos
14/12/2020;XP;FII;XPLG11;28,42;0;0;BRL;Dividendos
23/12/2020;XP;FII;XPML11;22,95;0;0;BRL;Dividendos
11/01/2021;XP;FII;ABCP11;20,5;0;0;BRL;Dividendos
22/01/2021;XP;FII;ALZR11;18,75;0;0;BRL;Dividendos
15/01/2021;XP;FII;HGCR11;43,8;0;0;BRL;Dividendos
15/01/2021;XP;FII;HGLG11;94,68;0;0;BRL;Dividendos
15/01/2021;XP;FII;HGRE11;38,8;0;0;BRL;Dividendos
15/01/2021;XP;FII;HGRU11;33,12;0;0;BRL;Dividendos
08/01/2021;XP;FII;HSML11;32,5;0;0;BRL;Dividendos
15/01/2021;XP;FII;MALL11;38,44;0;0;BRL;Dividendos
15/01/2021;XP;FII;RBRP11;34,65;0;0;BRL;Dividendos
19/01/2021;XP;FII;RBRR11;36;0;0;BRL;Dividendos
15/01/2021;XP;FII;VRTA11;50,4;0;0;BRL;Dividendos
15/01/2021;XP;FII;XPLG11;29,4;0;0;BRL;Dividendos
22/01/2021;XP;FII;XPML11;34,59;0;0;BRL;Dividendos
08/02/2021;XP;FII;ABCP11;28;0;0;BRL;Dividendos
25/02/2021;XP;FII;ALZR11;23,67;0;0;BRL;Dividendos
12/02/2021;XP;FII;HGCR11;37,2;0;0;BRL;Dividendos
12/02/2021;XP;FII;HGLG11;28,08;0;0;BRL;Dividendos
12/02/2021;XP;FII;HGRE11;26,8;0;0;BRL;Dividendos
12/02/2021;XP;FII;HGRU11;31,28;0;0;BRL;Dividendos
05/02/2021;XP;FII;HSML11;32,5;0;0;BRL;Dividendos
12/02/2021;XP;FII;MALL11;38,44;0;0;BRL;Dividendos
12/02/2021;XP;FII;RBRP11;32,76;0;0;BRL;Dividendos
12/02/2021;XP;FII;RBRR11;36;0;0;BRL;Dividendos
12/02/2021;XP;FII;VRTA11;50,4;0;0;BRL;Dividendos
12/02/2021;XP;FII;XPLG11;28,42;0;0;BRL;Dividendos
25/02/2021;XP;FII;XPML11;17,85;0;0;BRL;Dividendos
08/03/2021;XP;FII;ABCP11;20;0;0;BRL;Dividendos
25/03/2021;XP;FII;ALZR11;28,46;0;0;BRL;Dividendos
12/03/2021;XP;FII;HGCR11;37,2;0;0;BRL;Dividendos
12/03/2021;XP;FII;HGLG11;28,08;0;0;BRL;Dividendos
12/03/2021;XP;FII;HGRE11;26,8;0;0;BRL;Dividendos
12/03/2021;XP;FII;HGRU11;31,28;0;0;BRL;Dividendos
05/03/2021;XP;FII;HSML11;26;0;0;BRL;Dividendos
12/03/2021;XP;FII;MALL11;37,2;0;0;BRL;Dividendos
12/03/2021;XP;FII;RBRP11;32,76;0;0;BRL;Dividendos
16/03/2021;XP;FII;RBRR11;37,2;0;0;BRL;Dividendos
15/03/2021;XP;FII;VRTA11;50,96;0;0;BRL;Dividendos
12/03/2021;XP;FII;XPLG11;28,42;0;0;BRL;Dividendos
25/03/2021;XP;FII;XPML11;12,75;0;0;BRL;Dividendos
23/04/2021;XP;FII;ALZR11;29,21;0;0;BRL;Dividendos
15/04/2021;XP;FII;HGCR11;40,8;0;0;BRL;Dividendos
15/04/2021;XP;FII;HGLG11;28,08;0;0;BRL;Dividendos
15/04/2021;XP;FII;HGRE11;26,8;0;0;BRL;Dividendos
15/04/2021;XP;FII;HGRU11;31,28;0;0;BRL;Dividendos
15/04/2021;XP;FII;MALL11;27,9;0;0;BRL;Dividendos
15/04/2021;XP;FII;RBRP11;31,5;0;0;BRL;Dividendos
19/04/2021;XP;FII;RBRR11;42;0;0;BRL;Dividendos
15/04/2021;XP;FII;VRTA11;50,4;0;0;BRL;Dividendos
15/04/2021;XP;FII;XPLG11;28,91;0;0;BRL;Dividendos
23/04/2021;XP;FII;XPML11;7,65;0;0;BRL;Dividendos
25/05/2021;XP;FII;ALZR11;32,41;0;0;BRL;Dividendos
14/05/2021;XP;FII;HGCR11;43,2;0;0;BRL;Dividendos
14/05/2021;XP;FII;HGLG11;28,08;0;0;BRL;Dividendos
14/05/2021;XP;FII;HGRE11;26,8;0;0;BRL;Dividendos
14/05/2021;XP;FII;HGRU11;31,28;0;0;BRL;Dividendos
06/05/2021;XP;FII;HSML11;14,3;0;0;BRL;Dividendos
14/05/2021;XP;FII;MALL11;24,8;0;0;BRL;Dividendos
14/05/2021;XP;FII;RBRP11;18,9;0;0;BRL;Dividendos
18/05/2021;XP;FII;RBRR11;43,5;0;0;BRL;Dividendos
14/05/2021;XP;FII;VRTA11;50,4;0;0;BRL;Dividendos
14/05/2021;XP;FII;XPLG11;29,4;0;0;BRL;Dividendos
25/05/2021;XP;FII;XPML11;15,3;0;0;BRL;Dividendos
09/06/2021;XP;FII;ABCP11;19,5;0;0;BRL;Dividendos
25/06/2021;XP;FII;ALZR11;32,27;0;0;BRL;Dividendos
25/06/2021;XP;FII;BTLG11;38,5;0;0;BRL;Dividendos
15/06/2021;XP;FII;HGCR11;45;0;0;BRL;Dividendos
15/06/2021;XP;FII;HGLG11;36;0;0;BRL;Dividendos
15/06/2021;XP;FII;HGRE11;27,6;0;0;BRL;Dividendos
15/06/2021;XP;FII;HGRU11;32,2;0;0;BRL;Dividendos
08/06/2021;XP;FII;HSML11;22,75;0;0;BRL;Dividendos
15/06/2021;XP;FII;MALL11;27,9;0;0;BRL;Dividendos
15/06/2021;XP;FII;RBRP11;20,16;0;0;BRL;Dividendos
17/06/2021;XP;FII;RBRR11;48;0;0;BRL;Dividendos
25/06/2021;MyCap;FII;SNFF11;2,28;0;0;BRL;Rendimentos
15/06/2021;XP;FII;VRTA11;58,24;0;0;BRL;Dividendos
15/06/2021;XP;FII;XPLG11;29,89;0;0;BRL;Dividendos
25/06/2021;XP;FII;XPML11;20,4;0;0;BRL;Dividendos
08/07/2021;XP;FII;ABCP11;25,5;0;0;BRL;Dividendos
23/07/2021;XP;FII;ALZR11;29,94;0;0;BRL;Dividendos
23/07/2021;XP;FII;BTLG11;38,5;0;0;BRL;Dividendos
15/07/2021;XP;FII;HGCR11;87;0;0;BRL;Dividendos
15/07/2021;XP;FII;HGLG11;79,2;0;0;BRL;Dividendos
15/07/2021;XP;FII;HGRE11;55,2;0;0;BRL;Dividendos
15/07/2021;XP;FII;HGRU11;41,4;0;0;BRL;Dividendos
07/07/2021;XP;FII;HSML11;26;0;0;BRL;Dividendos
15/07/2021;XP;FII;MALL11;31;0;0;BRL;Dividendos
15/07/2021;XP;FII;RBRP11;22,05;0;0;BRL;Dividendos
19/07/2021;XP;FII;RBRR11;57,54;0;0;BRL;Dividendos
23/07/2021;MyCap;FII;SNFF11;7,79;0;0;BRL;Rendimentos
15/07/2021;XP;FII;VRTA11;57,12;0;0;BRL;Dividendos
14/07/2021;XP;FII;XPLG11;29,89;0;0;BRL;Dividendos
23/07/2021;XP;FII;XPML11;26,52;0;0;BRL;Dividendos
09/08/2021;XP;FII;ABCP11;26,5;0;0;BRL;Dividendos
25/08/2021;XP;FII;ALZR11;34,41;0;0;BRL;Dividendos
13/08/2021;XP;FII;BTLG11;40,7;0;0;BRL;Dividendos
13/08/2021;XP;FII;HGCR11;48;0;0;BRL;Dividendos
13/08/2021;XP;FII;HGLG11;39,6;0;0;BRL;Dividendos
13/08/2021;XP;FII;HGRE11;27,6;0;0;BRL;Dividendos
13/08/2021;XP;FII;HGRU11;33,12;0;0;BRL;Dividendos
13/08/2021;XP;FII;MALL11;32,86;0;0;BRL;Dividendos
06/08/2021;XP;FII;PVBI11;34,81;0;0;BRL;Dividendos
13/08/2021;XP;FII;RBRP11;26,46;0;0;BRL;Dividendos
13/08/2021;XP;FII;RBRR11;48;0;0;BRL;Dividendos
25/08/2021;MyCap;FII;SNFF11;10,45;0;0;BRL;Rendimentos
13/08/2021;XP;FII;VRTA11;59,92;0;0;BRL;Dividendos
13/08/2021;XP;FII;XPLG11;30,38;0;0;BRL;Dividendos
25/08/2021;XP;FII;XPML11;30,6;0;0;BRL;Dividendos
09/09/2021;XP;FII;ABCP11;21;0;0;BRL;Dividendos
24/09/2021;XP;FII;ALZR11;32,31;0;0;BRL;Dividendos
24/09/2021;XP;FII;BTLG11;39,6;0;0;BRL;Dividendos
15/09/2021;XP;FII;HGCR11;48;0;0;BRL;Dividendos
15/09/2021;XP;FII;HGLG11;42,16;0;0;BRL;Dividendos
15/09/2021;XP;FII;HGRE11;27,6;0;0;BRL;Dividendos
15/09/2021;XP;FII;HGRU11;33,12;0;0;BRL;Dividendos
15/09/2021;XP;FII;MALL11;34,1;0;0;BRL;Dividendos
08/09/2021;XP;FII;PVBI11;33,04;0;0;BRL;Dividendos
15/09/2021;XP;FII;RBRP11;27,09;0;0;BRL;Dividendos
17/09/2021;XP;FII;RBRR11;48;0;0;BRL;Dividendos
24/09/2021;MyCap;FII;SNFF11;13,3;0;0;BRL;Rendimentos
15/09/2021;XP;FII;VRTA11;57,12;0;0;BRL;Dividendos
15/09/2021;XP;FII;XPLG11;30,38;0;0;BRL;Dividendos
24/09/2021;XP;FII;XPML11;29,07;0;0;BRL;Dividendos
08/10/2021;XP;FII;ABCP11;21;0;0;BRL;Dividendos
25/10/2021;XP;FII;ALZR11;29,74;0;0;BRL;Dividendos
25/10/2021;XP;FII;BTLG11;39,6;0;0;BRL;Dividendos
15/10/2021;XP;FII;HGCR11;51;0;0;BRL;Dividendos
15/10/2021;XP;FII;HGLG11;48,4;0;0;BRL;Dividendos
15/10/2021;XP;FII;HGRE11;27,6;0;0;BRL;Dividendos
15/10/2021;XP;FII;HGRU11;33,12;0;0;BRL;Dividendos
15/10/2021;XP;FII;MALL11;35,34;0;0;BRL;Dividendos
07/10/2021;XP;FII;PVBI11;33,04;0;0;BRL;Dividendos
15/10/2021;XP;FII;RBRP11;28,35;0;0;BRL;Dividendos
19/10/2021;XP;FII;RBRR11;54;0;0;BRL;Dividendos
25/10/2021;MyCap;FII;SNFF11;13,3;0;0;BRL;Rendimentos
15/10/2021;XP;FII;VRTA11;61,6;0;0;BRL;Dividendos
15/10/2021;XP;FII;XPLG11;30,38;0;0;BRL;Dividendos
25/10/2021;XP;FII;XPML11;29,07;0;0;BRL;Dividendos
09/11/2021;XP;FII;ABCP11;23;0;0;BRL;Dividendos
25/11/2021;XP;FII;ALZR11;30,61;0;0;BRL;Dividendos
25/11/2021;XP;FII;BTLG11;39,6;0;0;BRL;Dividendos
16/11/2021;XP;FII;HGCR11;54;0;0;BRL;Dividendos
16/11/2021;XP;FII;HGLG11;48,4;0;0;BRL;Dividendos
16/11/2021;XP;FII;HGRE11;27,6;0;0;BRL;Dividendos
16/11/2021;XP;FII;HGRU11;33,12;0;0;BRL;Dividendos
16/11/2021;XP;FII;MALL11;37,2;0;0;BRL;Dividendos
08/11/2021;XP;FII;PVBI11;33,04;0;0;BRL;Dividendos
16/11/2021;XP;FII;RBRP11;28,98;0;0;BRL;Dividendos
18/11/2021;XP;FII;RBRR11;54;0;0;BRL;Dividendos
25/11/2021;MyCap;FII;SNFF11;11,78;0;0;BRL;Rendimentos
12/11/2021;XP;FII;VRTA11;76,8;0;0;BRL;Dividendos
16/11/2021;XP;FII;XPLG11;31,36;0;0;BRL;Dividendos
25/11/2021;XP;FII;XPML11;25,5;0;0;BRL;Dividendos
08/12/2021;XP;FII;ABCP11;28;0;0;BRL;Dividendos
23/12/2021;XP;FII;ALZR11;31,32;0;0;BRL;Dividendos
23/12/2021;XP;FII;BTLG11;39,6;0;0;BRL;Dividendos
14/12/2021;XP;FII;HGCR11;57;0;0;BRL;Dividendos
14/12/2021;XP;FII;HGLG11;48,4;0;0;BRL;Dividendos
14/12/2021;XP;FII;HGRE11;27,6;0;0;BRL;Dividendos
14/12/2021;XP;FII;HGRU11;33,12;0;0;BRL;Dividendos
14/12/2021;XP;FII;MALL11;38,44;0;0;BRL;Dividendos
07/12/2021;XP;FII;PVBI11;33,04;0;0;BRL;Dividendos
14/12/2021;XP;FII;RBRP11;28,98;0;0;BRL;Dividendos
16/12/2021;XP;FII;RBRR11;54;0;0;BRL;Dividendos
23/12/2021;MyCap;FII;SNFF11;13,3;0;0;BRL;Rendimentos
15/12/2021;XP;FII;VRTA11;80,45;0;0;BRL;Dividendos
14/12/2021;XP;FII;XPLG11;31,36;0;0;BRL;Dividendos
23/12/2021;XP;FII;XPML11;28,05;0;0;BRL;Dividendos
10/01/2022;XP;FII;ABCP11;29;0;0;BRL;Dividendos
25/01/2022;XP;FII;ALZR11;35,93;0;0;BRL;Dividendos
25/01/2022;XP;FII;BTLG11;39,6;0;0;BRL;Dividendos
14/01/2022;XP;FII;HGCR11;75;0;0;BRL;Dividendos
14/01/2022;XP;FII;HGLG11;77;0;0;BRL;Dividendos
14/01/2022;XP;FII;HGRE11;110;0;0;BRL;Dividendos
14/01/2022;XP;FII;HGRU11;34,96;0;0;BRL;Dividendos
14/01/2022;XP;FII;MALL11;40,3;0;0;BRL;Dividendos
07/01/2022;XP;FII;PVBI11;33,04;0;0;BRL;Dividendos
14/01/2022;XP;FII;RBRP11;28,98;0;0;BRL;Dividendos
18/01/2022;XP;FII;RBRR11;64,2;0;0;BRL;Dividendos
25/01/2022;MyCap;FII;SNFF11;12,35;0;0;BRL;Rendimentos
14/01/2022;XP;FII;VRTA11;95,4;0;0;BRL;Dividendos
14/01/2022;XP;FII;XPLG11;31,36;0;0;BRL;Dividendos
25/01/2022;XP;FII;XPML11;43,35;0;0;BRL;Dividendos
04/01/2022;Stake;Stock;ALB;0,27;0,39;0,12;EUA;Dividendos
13/01/2022;Stake;Stock;QSR;0,9;1,06;0,16;EUA;Dividendos
20/12/2021;Stake;REIT;EIS;0,48;0,69;0,21;EUA;Dividendos
30/12/2021;Stake;REIT;DEM;1;1,43;0,43;EUA;Dividendos
04/01/2022;Stake;REIT;SPG;1,15;1,65;0,5;EUA;Dividendos
05/01/2022;Stake;REIT;DEM;0,03;0,05;0,02;EUA;Dividendos
07/01/2022;Stake;REIT;IRM;0,87;1,24;0,37;EUA;Dividendos
10/01/2022;Stake;REIT;HERO;0,47;0,59;0,12;EUA;Dividendos
18/01/2022;Stake;REIT;EQR;0,42;0,6;0,18;EUA;Dividendos
18/01/2022;Stake;REIT;O;0,34;0,49;0,15;EUA;Dividendos
18/01/2022;Stake;REIT;WPC;0,74;1,06;0,32;EUA;Dividendos
19/01/2022;Stake;REIT;EPR;0,35;0,5;0,15;EUA;Dividendos
19/01/2022;Stake;REIT;STAG;0,25;0,36;0,11;EUA;Dividendos
11/02/2022;MyCap;Ação;CIEL3;66,75;0;0;BRL;JCP
11/02/2022;MyCap;Ação;RENT3;10,98;0;0;BRL;JCP
14/02/2022;Stake;REIT;VNO;1,48;2,12;0,64;EUA;Dividendos
07/02/2022;XP;FII;ABCP11;38,5;38,5;0;BRL;Dividendos
07/02/2022;XP;FII;PVBI11;33,04;33,04;0;BRL;Dividendos
14/02/2022;XP;FII;HGCR11;61,8;61,8;0;BRL;Dividendos
14/02/2022;XP;FII;HGLG11;48,4;48,4;0;BRL;Dividendos
14/02/2022;XP;FII;HGRE11;27,6;27,6;0;BRL;Dividendos
14/02/2022;XP;FII;HGRU11;34,96;34,96;0;BRL;Dividendos
14/02/2022;XP;FII;MALL11;44,64;44,64;0;BRL;Dividendos
14/02/2022;XP;FII;RBRP11;28,98;28,98;0;BRL;Dividendos
14/02/2022;XP;FII;RBRR11;66;66;0;BRL;Dividendos
14/02/2022;XP;FII;RECR11;11,55;11,55;0;BRL;Dividendos
14/02/2022;XP;FII;XPLG11;31,36;31,36;0;BRL;Dividendos
15/02/2022;Stake;Stock;AAPL;0,31;0,44;0,13;EUA;Dividendos
15/02/2022;XP;FII;VRTA11;99,2;99,2;0;BRL;Dividendos
16/02/2022;Stake;REIT;EPR;0,7;1;0,3;EUA;Dividendos
16/02/2022;Stake;REIT;O;0,69;0,99;0,3;EUA;Dividendos
16/02/2022;Stake;REIT;OHI;3,75;5,36;1,61;EUA;Dividendos
16/02/2022;Stake;REIT;STAG;0,43;0,61;0,18;EUA;Dividendos
25/02/2022;XP;FII;ALZR11;34,82;34,82;0;BRL;Dividendos
25/02/2022;XP;FII;BTLG11;39,6;39,6;0;BRL;Dividendos
25/02/2022;XP;FII;XPML11;30,6;30,6;0;BRL;Dividendos
25/02/2022;MyCap;FII;SNFF11;12,35;12,35;0;BRL;Rendimentos
07/03/2022;Stake;Stock;PFE;1,68;2,4;0,72;EUA;Dividendos
08/03/2022;XP;FII;ABCP11;22,5;22,5;0;BRL;Dividendos
08/03/2022;XP;FII;PVBI11;33,04;33,04;0;BRL;Dividendos
11/03/2022;Stake;Stock;MSFT;0,43;0,62;0,19;EUA;Dividendos
